partner_member_id,first_name,last_name,date_of_birth,email,policy_start,policy_end
AM-1001,Jane,Doe,1985-03-14,jane.doe@example.com,2024-01-01,2025-12-31
AM-1002,John,Smith,1990-07-22,john.smith@example.com,2024-01-01,2025-12-31
AM-1003,Alice,Brown,2032-01-01,alice.brown@example.com,2024-01-01,2025-12-31
AM-1004,Bob,White,1978-02-30,bob.white@example.com,2024-01-01,2025-12-31
AM-1005,Carol,Green,1982-11-05,not-an-email,2024-01-01,2025-12-31
AM-1006,Dave,Black,1975-06-18,dave.black@example.com,2025-01-01,2024-01-01
AM-1007,,Grey,1988-09-09,eve.grey@example.com,2024-01-01,2025-12-31
AM-1008,Frank,Blue,1980-12-01,frank.blue@example.com,2024-01-01,2025-12-31
AM-1008,Frank,Blue,1980-12-01,frank.blue.updated@example.com,2024-01-01,2025-12-31
